Date,Close,High,Low,Open,Volume,Code
,TCS.NS,TCS.NS,TCS.NS,TCS.NS,TCS.NS,
2023-04-11,3121.06982421875,3178.5130293048537,3100.044365927735,3169.8213179020377,2348779,TCS.NS
2023-04-12,3148.115966796875,3166.8591357713685,3106.696676436861,3134.811311350482,2417727,TCS.NS
2023-04-13,3096.83984375,3136.802417480954,3088.2451045168523,3117.379492295313,4174070,TCS.NS
2023-04-17,3048.913330078125,3072.1236281648985,2981.6614593637087,3043.6692357201127,5505048,TCS.NS
2023-04-18,3040.415771484375,3065.762780524172,3020.8472716425454,3063.917460604273,2617302,TCS.NS
2023-04-19,3000.45361328125,3049.3992904939882,2982.875770940218,3040.416187488552,3298034,TCS.NS
2023-04-20,3015.21533203125,3023.1786849385257,2989.1885615935694,3000.842318168983,2419999,TCS.NS
2023-04-21,3069.6474609375,3073.143444885672,3011.3300861113075,3020.264583440502,1929184,TCS.NS
2023-04-24,3083.195068359375,3089.1675227771393,3035.9486624728206,3060.1789503520517,1640676,TCS.NS
2023-04-25,3084.360595703125,3099.121971789757,3056.6829266295927,3091.158619686098,2024090,TCS.NS
2023-04-26,3105.871337890625,3115.8255871239235,3089.2162742558526,3089.2162742558526,2000029,TCS.NS
2023-04-27,3095.9658203125,3106.8912162603606,3079.1649417912035,3093.1009861276475,2434446,TCS.NS
2023-04-28,3126.36279296875,3134.131963534487,3104.026427592255,3108.0565899847234,2931312,TCS.NS
2023-05-02,3126.508056640625,3141.65803256351,3117.379376979557,3141.65803256351,2321159,TCS.NS
2023-05-03,3088.147705078125,3123.2061777200083,3081.5924682312316,3123.2061777200083,2468285,TCS.NS
2023-05-04,3127.7705078125,3131.412306049566,3086.302612639021,3088.3904821231095,1953253,TCS.NS
2023-05-05,3137.482666015625,3150.398960715251,3117.42858744515,3127.091446825866,1710027,TCS.NS
2023-05-08,3156.807861328125,3160.935232584995,3138.0646926717986,3151.3693478923437,928235,TCS.NS
2023-05-09,3188.515625,3202.840030838346,3152.340430594685,3158.750090079488,1107375,TCS.NS
2023-05-10,3191.963623046875,3211.095157238876,3171.812337847206,3195.0712437066086,1559987,TCS.NS
2023-05-11,3187.447265625,3214.202389680222,3177.590226966027,3213.522634789298,1719623,TCS.NS
2023-05-12,3179.824462890625,3195.071412790767,3165.9370230084805,3184.534380314332,1027479,TCS.NS
2023-05-15,3161.1298828125,3197.013691990773,3154.6232498744216,3189.244521414854,1150390,TCS.NS
2023-05-16,3164.14013671875,3190.2155090052875,3156.6623578307444,3162.2464489043455,986306,TCS.NS
2023-05-17,3116.1171875,3185.3599683782077,3105.9687557517077,3162.003851678619,1588815,TCS.NS
2023-05-18,3107.52294921875,3135.783167622401,3102.8127942699953,3132.8697283789547,1369364,TCS.NS
2023-05-19,3129.858642578125,3141.172401031332,3110.6299002940073,3117.3793190015695,1152449,TCS.NS
2023-05-22,3203.520263671875,3212.9889401302185,3124.2262628361486,3136.802560046183,1333243,TCS.NS
2023-05-23,3201.91748046875,3231.925801845126,3195.1680621050405,3210.6091911441017,1687418,TCS.NS
2023-05-24,3208.0361328125,3221.4863664234663,3181.475187431793,3181.475187431793,1016555,TCS.NS
2023-05-25,3198.469970703125,3210.609298055118,3172.8318061742107,3198.955543797205,1374917,TCS.NS
2023-05-26,3232.8486328125,3242.3173086797824,3196.0422850489476,3198.470150655943,1791115,TCS.NS
2023-05-29,3224.54541015625,3274.705017016719,3216.4362444719377,3263.828226894275,1210372,TCS.NS
2023-05-30,3220.515380859375,3230.9552038055167,3206.0940002566526,3219.3500526939433,1344224,TCS.NS
2023-05-31,3194.585693359375,3231.6834338976632,3170.9381865636433,3213.5230458507895,5815424,TCS.NS
2023-06-01,3228.090087890625,3243.628427663865,3202.354712641196,3218.37862553235,1177314,TCS.NS
2023-06-02,3210.220947265625,3239.646487207627,3202.3059635427076,3230.2750212928786,2030661,TCS.NS
2023-06-05,3194.0029296875,3231.0036980747414,3190.2641587388885,3219.3499426263206,1861468,TCS.NS
2023-06-06,3139.0361328125,3193.9545017455303,3127.673768884073,3185.3597624260915,2022849,TCS.NS
2023-06-07,3180.406494140625,3184.242711185307,3147.4847338487652,3159.1384878772087,1567196,TCS.NS
2023-06-08,3143.066162109375,3175.6481654771746,3139.7157550421116,3166.907849425402,1759366,TCS.NS
2023-06-09,3116.69970703125,3156.2253119804936,3112.863726763632,3151.369580731293,1775689,TCS.NS
2023-06-12,3153.214599609375,3160.498196334978,3118.3505447879897,3122.235129708311,2324605,TCS.NS
2023-06-13,3150.107421875,3170.792886902533,3145.543081371303,3165.937155069604,1371928,TCS.NS
2023-06-14,3157.244873046875,3161.9064221849558,3132.7720364422485,3150.1068537014166,1658544,TCS.NS
2023-06-15,3146.7275390625,3177.203630862424,3140.5637680075815,3175.100233539827,2273810,TCS.NS
2023-06-16,3106.22265625,3130.1926891388935,3087.731583565242,3127.844699828289,4156189,TCS.NS
2023-06-19,3140.955078125,3145.3577376943713,3106.320918389773,3120.9964502876774,1468186,TCS.NS
2023-06-20,3157.88037109375,3162.576588277483,3131.8069427156447,3144.4767686693986,1528452,TCS.NS
2023-06-21,3187.72119140625,3190.8519238090857,3154.2120598483802,3179.698614980368,1645987,TCS.NS
2023-06-22,3168.447021484375,3196.966373424352,3160.22881998312,3189.4819484449786,1529603,TCS.NS
2023-06-23,3146.776611328125,3179.1115093466497,3139.732164822479,3167.2733900849407,1119505,TCS.NS
2023-06-26,3120.654052734375,3144.3794969353835,3104.3643072082355,3135.6721098652365,1978803,TCS.NS
2023-06-27,3128.18701171875,3140.22075469182,3113.462516173397,3132.736330271054,863542,TCS.NS
2023-06-28,3145.89599609375,3161.060712907856,3124.322915692735,3138.6071961066273,1575872,TCS.NS
2023-06-30,3230.818359375,3238.400717550534,3144.575245477112,3150.347525834658,2672406,TCS.NS
2023-07-03,3201.51611328125,3247.0102602256575,3198.0428564415397,3242.6076008439404,1687264,TCS.NS
2023-07-04,3237.275634765625,3243.2925072216217,3206.40805197023,3218.8332877101466,1656681,TCS.NS
2023-07-05,3248.135498046875,3256.9897835903407,3233.508932041477,3248.1844642595165,1453008,TCS.NS
2023-07-06,3251.021728515625,3256.4517233589336,3230.5739152680876,3235.025541269704,1848238,TCS.NS
2023-07-07,3257.234375,3284.2861771714965,3230.5738248103926,3230.5738248103926,1789326,TCS.NS
2023-07-10,3201.173583984375,3252.8315017594136,3194.569594921475,3252.8315017594136,1407431,TCS.NS
2023-07-11,3201.61376953125,3223.7249986011375,3190.264835461923,3223.7249986011375,1110172,TCS.NS
2023-07-12,3189.38427734375,3218.0015640417964,3179.796454426586,3209.978987850496,1515240,TCS.NS
2023-07-13,3268.289794921875,3294.6078189087675,3201.956345507489,3212.9629940101117,4585146,TCS.NS
2023-07-14,3438.623779296875,3448.6033320630395,3279.492190820148,3292.2109851162886,6306101,TCS.NS
2023-07-17,3416.17041015625,3473.111428527307,3401.8374022809307,3434.0746075916777,2743228,TCS.NS
2023-07-18,3421.208984375,3447.771601367246,3390.0478430015633,3400.8098996460126,2600090,TCS.NS
2023-07-19,3394.988525390625,3440.776230617777,3371.116184598227,3424.290621652569,2405370,TCS.NS
2023-07-20,3397.19580078125,3412.4978988117155,3370.4659234197393,3387.1905367842733,1715404,TCS.NS
2023-07-21,3304.009033203125,3369.3376899248406,3294.935588701718,3339.0766700599147,3770223,TCS.NS
2023-07-24,3329.9541015625,3348.2971250852347,3307.736519941008,3316.466549048623,1680132,TCS.NS
2023-07-25,3334.27001953125,3341.7741469750813,3315.681767797957,3332.651609023338,1272980,TCS.NS
2023-07-26,3323.627197265625,3355.5559597714414,3320.390136828414,3335.4472455011364,1066803,TCS.NS
2023-07-27,3332.063232421875,3346.531698991735,3320.439557205023,3330.150499991832,1701769,TCS.NS
2023-07-28,3291.35498046875,3328.923991654151,3267.420801998411,3320.390097497635,2599831,TCS.NS
2023-07-31,3356.144287109375,3361.2449861310747,3296.7499650065183,3300.1831600473693,2743678,TCS.NS
2023-08-01,3386.160400390625,3393.95860999433,3349.8175298065426,3349.8175298065426,1956167,TCS.NS
2023-08-02,3374.97802734375,3380.6182767756977,3348.4445237745363,3369.386871455176,1914899,TCS.NS
2023-08-03,3335.054931640625,3367.7193807245985,3303.7148108295196,3354.722284155866,2026351,TCS.NS
2023-08-04,3377.82275390625,3404.7487658262826,3336.330089244207,3336.330089244207,2248493,TCS.NS
2023-08-07,3417.5498046875,3421.4243629363136,3375.566682613128,3388.0242291577247,1853889,TCS.NS
2023-08-08,3404.3564453125,3423.336966455301,3390.6236645560653,3417.549676071651,1634225,TCS.NS
2023-08-09,3396.410888671875,3400.8249966860335,3359.6757487612945,3398.764983820485,1794589,TCS.NS
2023-08-10,3376.400390625,3398.7650131719925,3364.5803422777612,3384.149506746724,1096701,TCS.NS
2023-08-11,3382.97265625,3400.4818088556854,3348.8368374275333,3372.4769354992527,1679974,TCS.NS
2023-08-14,3384.002685546875,3389.0542915205356,3345.8941210930675,3375.0271882354677,1190425,TCS.NS
2023-08-16,3392.38916015625,3399.84419417002,3369.63202821836,3384.149587387931,1328445,TCS.NS
2023-08-17,3370.17138671875,3394.7433019618425,3348.051753646013,3389.053959430483,1843241,TCS.NS
2023-08-18,3302.831787109375,3344.912853016341,3292.4340149998093,3344.912853016341,2526749,TCS.NS
2023-08-21,3336.72216796875,3344.667658006893,3307.6381971696583,3310.58093577924,1375579,TCS.NS
2023-08-22,3317.594482421875,3345.893915494129,3300.8210154521385,3335.10387355029,1222012,TCS.NS
2023-08-23,3333.38720703125,3337.0656303451224,3311.5618953689395,3323.3328499733316,1330046,TCS.NS
2023-08-24,3323.087890625,3347.9050364866966,3313.6221763237,3342.9513781270753,1152881,TCS.NS
2023-08-25,3316.7607421875,3321.174850111763,3286.3033496139474,3310.580943197395,1158046,TCS.NS
2023-08-28,3311.12060546875,3329.218400675874,3295.9655489776037,3329.218400675874,1037485,TCS.NS
2023-08-29,3311.708740234375,3324.85311578533,3300.771658021609,3316.515356768039,944517,TCS.NS
2023-08-30,3326.226806640625,3343.0496078602146,3318.4776899258404,3333.1422910145925,1188200,TCS.NS
2023-08-31,3292.728271484375,3352.171445941063,3279.8291239410537,3336.084571146212,3417652,TCS.NS
2023-09-01,3314.700927734375,3324.3139223519806,3292.7285738775877,3301.7529249444574,1277950,TCS.NS
2023-09-04,3353.25048828125,3367.326683095556,3305.7253098625597,3313.523518915917,1828332,TCS.NS
2023-09-05,3363.89404296875,3381.207061372353,3340.1557571325984,3354.7224107610814,1501842,TCS.NS
2023-09-06,3364.4326171875,3378.1653959803853,3333.239782656758,3368.4544553405362,1314818,TCS.NS
2023-09-07,3389.299072265625,3393.9584082306815,3356.9780422567883,3365.3158013521524,1885092,TCS.NS
2023-09-08,3376.203857421875,3398.863040148469,3369.4847480583285,3389.299139819047,1518917,TCS.NS
2023-09-11,3414.214599609375,3419.1682579552244,3379.245148365594,3395.9206686913462,1783604,TCS.NS
2023-09-12,3512.453125,3521.3792891203507,3416.5197909832286,3425.3480074973972,4476016,TCS.NS
2023-09-13,3499.750244140625,3520.3494153824977,3477.336288211358,3502.9382111185337,1754929,TCS.NS
2023-09-14,3492.09912109375,3529.030397081612,3477.924977164576,3501.908250384624,2604721,TCS.NS
2023-09-15,3529.618896484375,3538.496206026213,3494.4530736204592,3499.75014690962,2952897,TCS.NS
2023-09-18,3537.319091796875,3550.218240606211,3507.00897783734,3511.7174078308485,1395753,TCS.NS
2023-09-20,3537.22119140625,3555.8094439134643,3511.6683611614353,3511.6683611614353,1649396,TCS.NS
2023-09-21,3516.866943359375,3536.190878906919,3460.6605882894896,3520.0549101711495,2004073,TCS.NS
2023-09-22,3534.866455078125,3564.3920273126682,3497.003363196039,3515.5916135916345,1989083,TCS.NS
2023-09-25,3508.872314453125,3550.9045259741224,3490.725426682263,3533.738551055739,1238778,TCS.NS
2023-09-26,3517.25927734375,3526.3327215132203,3468.507954945545,3499.5048978464947,1726062,TCS.NS
2023-09-27,3520.79052734375,3545.0190267527596,3487.831759913712,3521.4771184400684,1541134,TCS.NS
2023-09-28,3469.243896484375,3534.033245112202,3460.0234104919796,3531.286640939775,1755753,TCS.NS
2023-09-29,3461.249267578125,3500.338501970446,3438.6391779063088,3469.684974617301,2243791,TCS.NS
2023-10-03,3446.781005859375,3466.7424403600844,3413.6751943663503,3466.7424403600844,1948148,TCS.NS
2023-10-04,3470.224609375,3480.278966592467,3410.9284725105645,3419.75668860395,1788138,TCS.NS
2023-10-05,3520.840087890625,3554.8286267330827,3483.418114149809,3486.164718380071,2990768,TCS.NS
2023-10-06,3552.27783203125,3565.569249541903,3506.8126634220357,3522.4581760684473,2075691,TCS.NS
2023-10-09,3568.904541015625,3608.778554558166,3561.6947354174235,3575.476609541216,4233074,TCS.NS
2023-10-10,3559.635009765625,3578.370543436096,3532.6110488086165,3570.5723331578088,1848148,TCS.NS
2023-10-11,3540.99755859375,3580.332263638608,3536.191180936214,3580.332263638608,2426417,TCS.NS
2023-10-12,3474.933349609375,3520.153294616657,3470.568334713849,3506.7639281378692,4241281,TCS.NS
2023-10-13,3502.693115234375,3508.725634105149,3457.718160531353,3462.6227252980643,2890357,TCS.NS
2023-10-16,3456.786376953125,3506.4204292183026,3451.930905679892,3497.935627876224,1671104,TCS.NS
2023-10-17,3440.110595703125,3466.69319131001,3436.4812659094987,3462.6224986124143,1672065,TCS.NS
2023-10-18,3420.688232421875,3455.4615440036555,3417.500265756058,3443.984911902847,1408245,TCS.NS
2023-10-19,3398.462646484375,3419.3120015706177,3394.774704914926,3412.0835400543524,1514545,TCS.NS
2023-10-20,3436.71875,3441.586784443997,3387.054474356502,3393.29924416434,1481211,TCS.NS
2023-10-23,3353.71533203125,3421.37680885982,3345.0119347403615,3415.5253234291526,1106272,TCS.NS
2023-10-25,3333.997314453125,3368.319658141201,3321.310652556418,3334.39059881102,1518537,TCS.NS
2023-10-26,3281.52978515625,3317.8682478311816,3274.891491592212,3312.3118462954835,1984471,TCS.NS
2023-10-27,3295.4951171875,3306.3622988787793,3281.776023604547,3294.560886747148,1108851,TCS.NS
2023-10-30,3322.638427734375,3326.867315059107,3278.5797748657174,3294.5608536333416,910972,TCS.NS
2023-10-31,3313.00048828125,3342.749880420918,3294.610002978613,3342.749880420918,999811,TCS.NS
2023-11-01,3275.531005859375,3315.803516743122,3256.2062895798977,3299.478133959697,1563475,TCS.NS
2023-11-02,3304.493896484375,3320.0814512239162,3287.8734300446213,3287.8734300446213,1245384,TCS.NS
2023-11-03,3295.446044921875,3331.833733965295,3288.9554120175862,3326.031468779594,1402598,TCS.NS
2023-11-06,3324.310546875,3336.161180529225,3303.4122112131126,3319.1474286526513,1099852,TCS.NS
2023-11-07,3314.67236328125,3347.8146138447105,3310.2960543666977,3322.0974663252246,1191144,TCS.NS
2023-11-08,3325.5888671875,3345.6511720910153,3313.787454867703,3315.6559157781985,992899,TCS.NS
2023-11-09,3292.052978515625,3335.374042777578,3286.7424391935324,3333.9973074275063,2112352,TCS.NS
2023-11-10,3278.284912109375,3292.0532270508957,3267.3687493230987,3282.759662485441,1338557,TCS.NS
2023-11-13,3276.41650390625,3300.4618348678578,3271.941753458094,3300.4618348678578,1030990,TCS.NS
2023-11-15,3347.962646484375,3356.5186230821787,3300.5111306438494,3327.1135310677823,2059802,TCS.NS
2023-11-16,3439.96435546875,3470.9430635814483,3357.698530975928,3373.2863261775383,3951984,TCS.NS
2023-11-17,3444.488037109375,3466.1731804990022,3434.751967881551,3439.9643063986123,2021292,TCS.NS
2023-11-20,3461.354248046875,3475.417405317009,3433.473316056803,3433.473316056803,1475621,TCS.NS
2023-11-21,3452.109375,3480.4820301120135,3443.0616745465345,3461.3539577179304,1807236,TCS.NS
2023-11-22,3471.7294921875,3474.1881197162365,3423.491412153966,3442.0785402310757,1798051,TCS.NS
2023-11-23,3450.192138671875,3485.3505136330436,3442.07866752699,3471.5821989629358,2729804,TCS.NS
2023-11-24,3399.888427734375,3446.553128011694,3395.856182737039,3436.4235350503614,1989733,TCS.NS
2023-11-28,3412.722412109375,3423.6388143150843,3376.187303280053,3399.8885685625582,1689195,TCS.NS
2023-11-29,3455.60107421875,3459.780741117485,3418.279155460705,3423.3930528226165,1441634,TCS.NS
2023-11-30,3429.8837890625,3458.4528484108027,3423.392916449951,3441.5375393027643,3266235,TCS.NS
2023-12-01,3453.53564453125,3458.747982906288,3432.2932467674304,3442.078536300559,1172141,TCS.NS
2023-12-04,3454.322265625,3489.0873529923697,3440.1114473175253,3485.9893384178627,1625213,TCS.NS
2023-12-05,3473.15576171875,3479.4497522853444,3444.8323239683755,3479.4497522853444,1377656,TCS.NS
2023-12-06,3544.4560546875,3553.0612514462373,3466.812401566953,3474.139304030391,1896572,TCS.NS
2023-12-07,3555.0771484375,3570.468301619979,3532.2611318162585,3545.3410789625996,1967653,TCS.NS
2023-12-08,3566.681884765625,3584.679087049897,3542.4399123569933,3572.8776744176344,1641155,TCS.NS
2023-12-11,3582.61376953125,3592.5467212748904,3555.1755810043055,3562.9447483362055,1102503,TCS.NS
2023-12-12,3611.33056640625,3637.1951360074713,3570.9106336699306,3578.729021215181,2236866,TCS.NS
2023-12-13,3534.080810546875,3589.5965780976535,3504.036330893682,3583.2533664112266,3850968,TCS.NS
2023-12-14,3606.560546875,3617.1326447354963,3567.5668122017664,3569.9269984746743,3290396,TCS.NS
2023-12-15,3797.104248046875,3831.475811906952,3606.019673894845,3606.019673894845,8531230,TCS.NS
2023-12-18,3795.334228515625,3863.9791595431043,3766.764927610666,3794.25257642529,2521612,TCS.NS
2023-12-19,3753.045654296875,3791.302042217498,3727.2792861436023,3781.3690910876385,2004435,TCS.NS
2023-12-20,3717.493896484375,3834.2786994645307,3704.2173083561047,3763.912734364631,2586083,TCS.NS
2023-12-21,3724.82080078125,3743.70301266217,3681.401533559478,3694.0879558903152,1517562,TCS.NS
2023-12-22,3760.716796875,3782.303499297243,3699.7428320721106,3737.1139717900105,2413058,TCS.NS
2023-12-26,3732.737548828125,3770.551192343162,3727.4267692857443,3756.635456517975,1285231,TCS.NS
2023-12-27,3748.128173828125,3755.0123304068766,3705.643141247896,3736.1301203823664,1293976,TCS.NS
2023-12-28,3737.01513671875,3774.4847136315652,3729.344411454998,3760.7164004500014,1682889,TCS.NS
2023-12-29,3730.623291015625,3759.3402550951864,3703.086660331394,3729.2465555215595,1574996,TCS.NS
2024-01-01,3748.030029296875,3768.5840582088736,3710.5604518846767,3727.279118113682,825907,TCS.NS
2024-01-02,3720.591796875,3748.0302239952007,3704.905801353602,3748.0302239952007,1344068,TCS.NS
2024-01-03,3630.655517578125,3709.4300449741327,3626.0333455311243,3704.6602112052,1803075,TCS.NS
2024-01-04,3606.1181640625,3657.4542580892885,3590.5795902887853,3640.4897283898963,3598144,TCS.NS
2024-01-05,3676.041259765625,3685.7283477944916,3614.0348686083644,3614.1822902127296,1963127,TCS.NS
2024-01-08,3617.427734375,3677.8607481841777,3611.62522961842,3676.0412678578914,1067805,TCS.NS
2024-01-09,3628.836181640625,3690.252895995553,3621.804602192164,3648.5544245623223,1370944,TCS.NS
2024-01-10,3651.602783203125,3667.534641381456,3626.967287635532,3628.9341896353344,1292227,TCS.NS
2024-01-11,3673.73046875,3710.560661057684,3645.6528943919516,3662.3715615634283,1777909,TCS.NS
2024-01-12,3818.543701171875,3840.6221287398494,3758.356546252599,3784.3195573627654,6813450,TCS.NS
2024-01-15,3839.196044921875,3899.3831978368935,3820.7071181831857,3894.4659428585364,2801505,TCS.NS
2024-01-16,3797.3994140625,3834.475468935188,3791.744570783101,3834.475468935188,1432672,TCS.NS
2024-01-17,3820.31396484375,3845.244304378807,3749.456270155478,3755.799481275032,3458696,TCS.NS
2024-01-18,3838.015869140625,3844.1132171624845,3798.087663535616,3833.491898617771,2239110,TCS.NS
2024-01-19,3886.760009765625,3906.967356670561,3859.1597310662,3888.6821239011256,2941975,TCS.NS
2024-01-23,3803.170654296875,3877.7405988557225,3787.8919281537783,3844.3246424565054,2618854,TCS.NS
2024-01-24,3786.95556640625,3828.207982906329,3751.2723957956964,3824.610185566064,2657709,TCS.NS
2024-01-25,3755.9052734375,3805.8814463186973,3724.7562899172253,3785.082567741791,2205154,TCS.NS
2024-01-29,3746.738037109375,3765.4667986734576,3726.875788870657,3746.540940381875,1646747,TCS.NS
2024-01-30,3746.29443359375,3792.869905489426,3732.937821564557,3753.095834814792,1411621,TCS.NS
2024-01-31,3761.474365234375,3779.2667358961994,3742.2527425557164,3756.7921750947016,2459358,TCS.NS
2024-02-01,3799.12890625,3849.1544104149884,3750.729991441207,3765.4665203991385,2363107,TCS.NS
2024-02-02,3909.67822265625,3927.519687561109,3816.7243758065465,3819.7308829629783,2826510,TCS.NS
2024-02-05,3916.578369140625,3964.583093927072,3905.5383052249554,3926.1398466214637,1691523,TCS.NS
2024-02-06,4076.955322265625,4090.6567924878987,3933.0395879690145,3939.9396574215916,4474396,TCS.NS
2024-02-07,4025.1064453125,4095.6844003141055,4015.7913989590998,4093.712951745964,2124267,TCS.NS
2024-02-08,4075.082763671875,4098.6414772476965,4027.718664799646,4031.6122274995373,2345173,TCS.NS
2024-02-09,4074.688720703125,4125.009753561321,4041.469619356334,4077.4976499021727,2100596,TCS.NS
2024-02-12,4061.8740234375,4100.2185996879325,4046.939916317884,4071.0410662440036,1013716,TCS.NS
2024-02-13,4090.262939453125,4110.470287388729,4023.233687764292,4066.5564628139236,1257415,TCS.NS
2024-02-14,4041.568359375,4056.1568867097644,3991.6906127839625,4048.369760884982,1391283,TCS.NS
2024-02-15,4044.6240234375,4087.108354491598,4024.7122006284635,4069.069792846999,1091582,TCS.NS
2024-02-16,4069.364990234375,4088.7348556600905,4041.5678568000403,4054.5300336656587,1307556,TCS.NS
2024-02-19,4045.215087890625,4069.3653326321246,3997.1119357869316,4064.1902801875176,772291,TCS.NS
2024-02-20,3973.109375,4039.497999883946,3952.754265381802,4023.825080480352,1193648,TCS.NS
2024-02-21,3934.518310546875,4005.3426935715765,3923.77401257502,3955.7113817423547,1885939,TCS.NS
2024-02-22,4028.75390625,4036.491697656846,3914.3112180915064,3914.3112180915064,2982052,TCS.NS
2024-02-23,3994.253173828125,4071.040993644668,3988.6343532981086,4071.040993644668,2538072,TCS.NS
2024-02-26,3943.93212890625,3992.1832836729077,3925.893326678586,3978.383143926878,1379284,TCS.NS
2024-02-27,4045.806396484375,4065.1266874784596,3941.9111598512027,3941.9111598512027,2960475,TCS.NS
2024-02-28,4060.149169921875,4095.585668602527,4030.626535543962,4037.1324119808564,1939225,TCS.NS
2024-02-29,4036.639404296875,4079.0255463313783,4006.5254808366444,4040.483632544849,3772719,TCS.NS
2024-03-01,4035.900146484375,4080.8983618694256,4028.457880326228,4048.5667992561753,2043265,TCS.NS
2024-03-04,4022.44482421875,4059.1137175073945,4017.713299775463,4046.397971180433,1749271,TCS.NS
2024-03-05,3954.824462890625,4005.9834565385154,3923.182617377778,4004.0120079870694,2070859,TCS.NS
2024-03-06,4006.279296875,4013.869325808943,3901.940284076301,3937.0321652104426,1744204,TCS.NS
2024-03-07,4049.94677734375,4065.1268346348106,3980.0587831504495,4006.969103489453,2688905,TCS.NS
2024-03-11,4063.50048828125,4093.712840504903,4030.6264880386584,4030.6264880386584,2304068,TCS.NS
2024-03-12,4132.40234375,4169.564339210483,4062.2185870597186,4063.500317326669,4039801,TCS.NS
2024-03-13,4089.77001953125,4180.456652887932,4072.9140381560783,4144.970578965752,2837260,TCS.NS
2024-03-14,4147.53369140625,4164.685198090091,4027.6695193836954,4094.1568164313294,2919608,TCS.NS
2024-03-15,4159.01708984375,4178.48514400608,4117.370239800282,4132.7476345400055,3373143,TCS.NS
2024-03-18,4093.219970703125,4194.010275821583,4059.064721514359,4155.074167731812,1526904,TCS.NS
2024-03-19,3920.52099609375,4000.0688926740686,3909.973795049948,3993.4152541759045,8931209,TCS.NS
2024-03-20,3914.21240234375,3960.6401116619527,3903.6652007996604,3929.096935063351,1817913,TCS.NS
2024-03-21,3916.233154296875,3951.1770312154736,3891.6393821179518,3933.089135420767,3829582,TCS.NS
2024-03-22,3855.06884765625,3881.782070917332,3799.96695870653,3841.367376933683,5852485,TCS.NS
2024-03-26,3822.145751953125,3890.3578214326726,3816.182072152344,3819.681441345805,3440925,TCS.NS
2024-03-27,3786.068115234375,3839.3958925717657,3774.7322865400038,3832.9886850488606,1968575,TCS.NS
2024-03-28,3820.962890625,3859.1103702922246,3785.6739149699333,3795.1369638641995,4311783,TCS.NS
2024-04-01,3860.83544921875,3877.149233657871,3832.54521142588,3842.0573541590775,1569676,TCS.NS
2024-04-02,3828.35595703125,3854.0341223225346,3817.710086814565,3834.4673993567408,2142666,TCS.NS
2024-04-03,3890.949462890625,3924.1683226909017,3796.0241674661297,3796.0241674661297,3973090,TCS.NS
2024-04-04,3946.14990234375,3971.1378674612774,3879.0713196089387,3919.140913745663,3394637,TCS.NS
2024-04-05,3922.443359375,3944.8685868489665,3903.9610290393134,3921.2112040192874,1636819,TCS.NS
2024-04-08,3915.8388671875,3975.080749458608,3903.4679798777806,3926.139637336667,2302538,TCS.NS
2024-04-09,3890.210205078125,3958.520945808155,3869.017133059688,3927.1255312303338,1876992,TCS.NS
2024-04-10,3927.76611328125,3933.236931106762,3862.067686996596,3899.919402674396,2101965,TCS.NS
2024-04-12,3944.27685546875,3956.0564525946997,3889.17496702509,3914.310935003582,4354821,TCS.NS
2024-04-15,3884.936279296875,4006.1803593419468,3863.1025839086137,3944.276829691934,4200329,TCS.NS
2024-04-16,3817.512939453125,3872.61482899581,3807.7050312557853,3846.2960395421064,3051420,TCS.NS
2024-04-18,3806.8671875,3879.810784567582,3795.0384960836354,3821.455955044585,3476284,TCS.NS
2024-04-19,3771.577880859375,3797.5518097567287,3746.6390105017,3783.209474534867,2957749,TCS.NS
2024-04-22,3809.4296875,3822.63829499055,3757.5805003878227,3782.2236044040073,1728883,TCS.NS
2024-04-23,3819.3857421875,3839.395992797073,3805.4871745143505,3821.7022904606933,1807586,TCS.NS
2024-04-24,3776.35888671875,3842.3530762623277,3769.8530104916786,3834.4672823654323,1317312,TCS.NS
2024-04-25,3797.206787109375,3818.350523469226,3756.594997430382,3756.7920941430552,2856271,TCS.NS
2024-04-26,3766.79736328125,3821.455723423755,3748.2656997210925,3800.114649560354,2039178,TCS.NS
2024-04-29,3814.949951171875,3822.4415517476627,3764.6780143302517,3783.2096783950938,1110693,TCS.NS
2024-04-30,3766.107177734375,3826.3350243639015,3755.6093109619283,3816.7242131350617,2203078,TCS.NS
2024-05-02,3808.148681640625,3815.8373792012935,3724.115686272238,3724.115686272238,2491044,TCS.NS
2024-05-03,3788.53271484375,3838.016267704584,3743.386733993244,3834.615326312554,2962234,TCS.NS
2024-05-06,3865.07421875,3883.7043112956317,3797.9956336682126,3797.9956336682126,2053831,TCS.NS
2024-05-07,3922.147705078125,3931.068558237291,3857.6320969562785,3874.6851756935434,2062112,TCS.NS
2024-05-08,3920.176025390625,3927.421194922573,3882.3736446277253,3904.45377166407,1247685,TCS.NS
2024-05-09,3903.6650390625,3914.3109088545148,3854.231065297169,3905.439390803724,1726486,TCS.NS
2024-05-10,3838.311767578125,3916.874187059456,3829.5882518889002,3906.0312197253584,1672489,TCS.NS
2024-05-13,3891.4423828125,3898.539549537733,3814.7529852619537,3829.0459874031158,931326,TCS.NS
2024-05-14,3845.50732421875,3889.4707212106064,3837.325764965336,3879.8105756097802,1058317,TCS.NS
2024-05-15,3825.00439453125,3870.8899078325153,3820.1744418281028,3848.760445908354,1115021,TCS.NS
2024-05-16,3873.208984375,3881.698230930955,3816.1675791234497,3863.429176479737,2599399,TCS.NS
2024-05-17,3806.83447265625,3892.1235107906195,3802.763532226549,3891.1306221399072,2765804,TCS.NS
2024-05-21,3793.033447265625,3817.408913871376,3782.9557236992146,3803.359635417006,1908117,TCS.NS
2024-05-22,3804.74951171875,3813.9337322259003,3790.4023184344205,3807.728177829177,1311168,TCS.NS
2024-05-23,3865.76220703125,3877.2301192451187,3798.2954727713704,3813.6355536995293,2095742,TCS.NS
2024-05-24,3822.124755859375,3856.1808841236075,3816.9617834984756,3850.6703037827306,1309452,TCS.NS
2024-05-27,3819.6923828125,3880.556506388472,3814.0329659093472,3827.585799209355,1841538,TCS.NS
2024-05-28,3812.593017578125,3842.479062806177,3802.7635169373793,3830.564399045538,1801993,TCS.NS
2024-05-29,3776.60107421875,3821.529288695876,3772.977127360837,3821.529288695876,1568095,TCS.NS
2024-05-30,3709.531494140625,3767.416710258415,3689.0281974568825,3750.1405441889883,2919230,TCS.NS
2024-05-31,3644.8447265625,3723.1340975574863,3627.7670893950612,3713.403739811845,10956800,TCS.NS
2024-06-03,3676.517822265625,3724.871450877324,3669.716438074187,3706.2547887523533,2156773,TCS.NS
2024-06-04,3688.58154296875,3718.3682041501934,3565.959787771808,3673.6882123780283,3395997,TCS.NS
2024-06-05,3719.807861328125,3756.89235163064,3673.6882292018763,3689.574448571398,2799670,TCS.NS
2024-06-06,3803.16064453125,3812.593086846461,3714.892939195955,3754.112041453937,4328036,TCS.NS
2024-06-07,3866.259033203125,3887.15938951269,3810.0119834431034,3810.0119834431034,4552445,TCS.NS
2024-06-10,3831.259521484375,3878.1238189496194,3814.57894309045,3867.3014292416406,1734661,TCS.NS
2024-06-11,3824.70654296875,3852.3583469877426,3813.6853817691017,3817.656936449413,1419898,TCS.NS
2024-06-12,3804.401611328125,3865.8118698802723,3800.2315275749074,3846.847600139575,2177001,TCS.NS
2024-06-13,3850.571044921875,3862.336872459144,3824.6071035250957,3829.373017555551,1932323,TCS.NS
2024-06-14,3804.799072265625,3861.3440334804677,3800.7778246755543,3861.3440334804677,1860730,TCS.NS
2024-06-18,3787.969482421875,3814.6780894177573,3768.0620170506086,3798.8415643624126,1774045,TCS.NS
2024-06-19,3774.664794921875,3806.58631099227,3765.97701909007,3800.4302073364515,1509050,TCS.NS
2024-06-20,3760.31787109375,3782.856396954086,3753.169120664651,3769.0056475468677,2846526,TCS.NS
2024-06-21,3783.650634765625,3850.223870955247,3771.0409966857305,3799.7850762312005,4642195,TCS.NS
2024-06-24,3789.65771484375,3829.571792905453,3764.3390524846395,3781.664912167136,1702154,TCS.NS
2024-06-25,3811.153564453125,3820.2880919700933,3765.927435895861,3789.856150417264,1338808,TCS.NS
2024-06-26,3828.429931640625,3839.4508505974786,3813.685437711898,3817.160548108147,1639845,TCS.NS
2024-06-27,3906.1728515625,3913.96712455873,3790.9483157029526,3803.756482542997,4526556,TCS.NS
2024-06-28,3876.38623046875,3931.8391600284103,3870.131225728638,3889.939306349404,2731571,TCS.NS
2024-07-01,3949.90966796875,3973.2425517696065,3856.3796035117416,3856.3796035117416,2658723,TCS.NS
2024-07-02,3988.830810546875,3994.7881425140804,3954.228786146697,3965.200254333859,2307449,TCS.NS
2024-07-03,3937.0517578125,3997.4691297160625,3926.8746490507374,3991.412411930206,1821198,TCS.NS
2024-07-04,3992.355712890625,4018.5681196397627,3953.7821328880023,3971.4059070618528,2518001,TCS.NS
2024-07-05,3983.27099609375,3998.114633904997,3959.640196191253,3981.4837479255075,1668616,TCS.NS
2024-07-08,3964.802978515625,4002.5824407942773,3949.7608121650283,3993.3982206200517,1758882,TCS.NS
2024-07-09,3957.157958984375,3978.455373361395,3946.832013348387,3956.6615146287127,1305801,TCS.NS
2024-07-10,3881.350830078125,3974.8314482017768,3874.251772715231,3955.370732391905,2669716,TCS.NS
2024-07-11,3895.79736328125,3951.6970458529786,3867.8973361137632,3903.0454993085577,4872189,TCS.NS
2024-07-12,4154.19677734375,4170.082996188316,3943.0588545700098,3951.6969375858503,13509164,TCS.NS
2024-07-15,4139.55224609375,4209.848580351494,4127.4882591306905,4205.579352365772,4848030,TCS.NS
2024-07-16,4148.736328125,4164.721449679784,4115.424618578997,4142.332001552796,2029521,TCS.NS
2024-07-18,4284.86083984375,4294.2438324301,4130.417189111958,4130.417189111958,5613364,TCS.NS
2024-07-19,4281.7255859375,4337.804904546029,4264.658093996186,4296.653506457877,3903354,TCS.NS
2024-07-22,4266.748046875,4299.191490921889,4244.505348389891,4279.287597142805,1896386,TCS.NS
2024-07-23,4281.67626953125,4340.741175678139,4245.799206900286,4262.4191537532915,2365208,TCS.NS
2024-07-24,4285.55712890625,4318.249371622304,4247.590548713197,4266.897228490113,1809793,TCS.NS
2024-07-25,4301.72900390625,4322.130494844382,4253.66129524061,4274.361150208755,2810342,TCS.NS
2024-07-26,4366.76513671875,4401.198970329675,4316.208954685657,4329.09692035124,3552210,TCS.NS
2024-07-29,4360.0478515625,4409.70797280087,4349.996287319477,4393.784856672499,1746803,TCS.NS
2024-07-30,4344.37353515625,4376.8665468264435,4306.506083043501,4369.999800181439,1797906,TCS.NS
2024-07-31,4364.27734375,4392.7895758215745,4324.121138863784,4329.097112556377,2330091,TCS.NS
2024-08-01,4375.970703125,4398.063733856433,4344.074421497802,4378.259456556102,2202244,TCS.NS
2024-08-02,4262.46826171875,4376.866081389599,4249.4811658784865,4344.02465785939,2811282,TCS.NS
2024-08-05,4135.08349609375,4218.630284567606,4090.7477670948683,4218.630284567606,2787771,TCS.NS
2024-08-06,4151.15673828125,4237.788251125124,4140.806323627874,4150.907939581601,2203067,TCS.NS
2024-08-07,4180.265625,4224.5517875927835,4160.212063752206,4207.683043646967,1237666,TCS.NS
2024-08-08,4152.49951171875,4211.66403187125,4140.010012425425,4160.909101430457,2441283,TCS.NS
2024-08-09,4208.4296875,4233.209938931106,4185.340975538091,4196.7361494974875,1302536,TCS.NS
2024-08-12,4175.48876953125,4218.6305592741555,4166.233652699458,4209.67380649438,936912,TCS.NS
2024-08-13,4176.78271484375,4213.654485202122,4162.8995539916095,4192.755395880146,1495593,TCS.NS
2024-08-14,4274.6103515625,4285.507928708055,4168.02489411654,4188.774802334337,3226545,TCS.NS
2024-08-16,4394.82958984375,4405.727166751252,4304.316918717559,4329.097170853388,3457058,TCS.NS
2024-08-19,4468.42431640625,4472.653893988595,4369.253259221324,4399.755880363481,2055210,TCS.NS
2024-08-20,4501.564453125,4543.0642707388115,4478.376608614381,4483.352582623953,2212298,TCS.NS
2024-08-21,4529.62890625,4538.088061628035,4470.961981342479,4496.28988211304,1896990,TCS.NS
2024-08-22,4480.36669921875,4539.033623250417,4475.589958862324,4538.087993877721,1829872,TCS.NS
2024-08-23,4442.44970703125,4484.347502813095,4433.592571023599,4478.376334367272,1809253,TCS.NS
2024-08-26,4480.81494140625,4530.27583051969,4463.448598083205,4467.42937721193,1844164,TCS.NS
2024-08-27,4475.5400390625,4488.328388976394,4465.239676060454,4483.352415152695,930697,TCS.NS
2024-08-28,4484.3974609375,4540.576403359632,4435.881713065986,4477.132733066114,1848058,TCS.NS
2024-08-29,4490.11962890625,4534.107432701966,4438.568733505437,4438.568733505437,2133641,TCS.NS
2024-08-30,4531.86767578125,4570.18267013043,4466.234393684477,4478.375962891161,3637222,TCS.NS
2024-09-02,4499.32470703125,4565.953185133345,4490.31838956444,4554.010848990886,1216500,TCS.NS
2024-09-03,4490.6669921875,4534.007527871544,4474.295844668771,4499.324894690949,1717263,TCS.NS
2024-09-04,4457.72607421875,4465.438833514435,4415.380732072546,4455.437320672715,1265505,TCS.NS
2024-09-05,4454.44189453125,4477.380937903155,4432.746358594601,4459.467433372758,1688793,TCS.NS
2024-09-06,4435.33447265625,4497.23578425674,4418.664959576766,4452.452017774543,1649179,TCS.NS
2024-09-09,4428.1689453125,4468.673569119857,4409.210678244091,4433.592951490221,1184938,TCS.NS
2024-09-10,4486.18896484375,4518.134815028686,4419.112932683034,4421.1033222779215,1385591,TCS.NS
2024-09-11,4457.82568359375,4527.4893158279965,4449.764508962515,4499.723479595906,1325919,TCS.NS
2024-09-12,4495.99169921875,4510.820004409558,4410.0064805753545,4488.577303655868,2742216,TCS.NS
2024-09-13,4500.86767578125,4525.15032942735,4483.352151763846,4508.232019420694,1458786,TCS.NS
2024-09-16,4491.5625,4524.20469193302,4472.853033929719,4505.246427186617,1155120,TCS.NS
2024-09-17,4483.9990234375,4514.004047262318,4444.539649708466,4491.562600547858,1699364,TCS.NS
2024-09-18,4325.265625,4475.440417652989,4300.2365738803255,4475.440417652989,2961779,TCS.NS
2024-09-19,4275.50537109375,4400.9499474857,4261.224230770516,4368.954050944716,2927551,TCS.NS
2024-09-20,4264.3095703125,4309.889778037523,4207.185493092967,4296.155799946793,5447908,TCS.NS
2024-09-23,4247.98876953125,4288.692137419543,4232.563250981939,4279.337404002431,1702319,TCS.NS
2024-09-24,4250.77490234375,4270.3804321906,4219.625502793788,4231.219423792548,3012026,TCS.NS
2024-09-25,4254.208984375,4268.987724387413,4219.625964968712,4231.916717973479,2713073,TCS.NS
2024-09-26,4271.873046875,4296.056082562562,4239.529220661037,4239.529220661037,3964251,TCS.NS
2024-09-27,4287.99560546875,4356.962403920665,4279.386782551355,4314.169031748763,3012477,TCS.NS
2024-09-30,4247.98876953125,4278.093410571035,4239.579179561039,4266.300255654413,2503416,TCS.NS
2024-10-01,4267.29541015625,4275.107786018728,4222.561698346075,4235.100763268349,1823365,TCS.NS
2024-10-03,4212.41064453125,4258.438402445034,4189.769963611497,4242.117305474487,3350119,TCS.NS
2024-10-04,4231.81689453125,4277.34705454649,4203.752208082306,4204.697837472992,2965463,TCS.NS
2024-10-07,4252.31787109375,4276.60052515788,4209.076465987775,4253.362631179358,1472619,TCS.NS
2024-10-08,4232.81201171875,4258.836256883247,4183.749105598339,4252.069127051097,1541867,TCS.NS
2024-10-09,4232.513671875,4274.361416397303,4226.2937047382175,4239.529600431319,1082504,TCS.NS
2024-10-10,4207.0859375,4273.216819058745,4178.424524787105,4232.811817436818,2378875,TCS.NS
2024-10-11,4129.26220703125,4221.566519109232,4092.6888003588424,4123.091805273089,5759183,TCS.NS
2024-10-14,4116.77197265625,4145.383819684157,4102.391701102295,4120.105972018656,2137590,TCS.NS
2024-10-15,4097.017578125,4149.9125681672385,4075.32252681289,4111.199103401455,2759474,TCS.NS
2024-10-16,4075.272705078125,4095.226408468653,4047.656050683227,4065.3705658795743,2359151,TCS.NS
2024-10-17,4089.25537109375,4110.104896211079,4073.2824462028457,4093.036916902333,2522659,TCS.NS
2024-10-18,4113.24755859375,4136.292737475611,4070.300101634224,4080.2763273735236,2361000,TCS.NS
2024-10-21,4070.150634765625,4130.107850048016,4060.323954797378,4122.775226563061,1595450,TCS.NS
2024-10-22,4005.95361328125,4080.0770223386526,3996.82546377182,4056.333555373319,1928049,TCS.NS
2024-10-23,4056.5830078125,4103.770363230431,3985.651941595186,3990.091557134352,1966476,TCS.NS
2024-10-24,4038.2763671875,4069.302527026517,3994.4808330998217,3994.4808330998217,2676744,TCS.NS
2024-10-25,4047.903564453125,4082.271613760155,4023.1125458164493,4047.404753161121,1759676,TCS.NS
2024-10-28,4081.12451171875,4124.171829496109,4041.369153674102,4059.2764306368204,1532534,TCS.NS
2024-10-29,4065.5615234375,4093.744362045465,4050.4476383868687,4086.112646536771,1445885,TCS.NS
2024-10-30,4074.939208984375,4097.236172357374,4050.3978382371356,4065.3122479562453,1935002,TCS.NS
2024-10-31,3959.015380859375,4068.604321519084,3950.5855185532914,4060.3240051797716,3740372,TCS.NS
2024-11-01,3974.72802734375,3989.4429611125925,3966.5975003464064,3980.364741330315,154895,TCS.NS
2024-11-04,3954.7255859375,3982.409613462514,3903.94669233372,3956.87062069268,2269192,TCS.NS
2024-11-05,3961.90869140625,3976.5237653727104,3931.730607135672,3931.730607135672,967590,TCS.NS
2024-11-06,4129.80810546875,4139.933876960973,3965.799055125364,3994.0817519363486,3792017,TCS.NS
2024-11-07,4141.03173828125,4195.801124048814,4075.3384332667383,4159.787336273054,3724349,TCS.NS
2024-11-08,4137.14111328125,4159.837028479501,4107.860791194804,4145.1220944498655,1648039,TCS.NS
2024-11-11,4188.71826171875,4224.233237059355,4107.860656630662,4118.385867474251,1406487,TCS.NS
2024-11-12,4187.4208984375,4207.9720209044035,4154.4496671854,4205.976775754615,1587640,TCS.NS
2024-11-13,4140.48291015625,4186.772499749115,4121.228502379121,4168.166936335564,1098813,TCS.NS
2024-11-14,4136.04345703125,4150.110033173541,4106.66376361192,4125.169468070334,1825432,TCS.NS
2024-11-18,4009.944091796875,4202.984067356694,3980.7137005323643,4202.984067356694,3313944,TCS.NS
2024-11-19,4029.946533203125,4122.32624236372,4004.5570860479797,4010.3431024386978,1776233,TCS.NS
2024-11-21,4063.167236328125,4082.7204928271417,4014.433275703715,4035.2834902732247,2384347,TCS.NS
2024-11-22,4234.5087890625,4244.834279917868,4044.361832894069,4061.3214163077837,3096553,TCS.NS
2024-11-25,4304.84130859375,4317.81040218259,4242.090945499517,4269.8246584798,4052167,TCS.NS
2024-11-26,4342.35205078125,4356.218907385121,4299.75337125729,4310.776906050054,2060669,TCS.NS
2024-11-27,4322.24951171875,4366.992981830861,4313.769719793482,4348.5871375123725,1558993,TCS.NS
2024-11-28,4234.80810546875,4329.6324265013845,4222.93649387391,4308.732038044275,2558544,TCS.NS
2024-11-29,4260.69677734375,4288.480665473612,4185.67535947675,4209.967568343767,2017425,TCS.NS
2024-12-02,4266.482421875,4278.005254710035,4219.993113175897,4259.848329278071,1670944,TCS.NS
2024-12-03,4292.5205078125,4314.717609967825,4255.309380845213,4304.0930270344115,2010905,TCS.NS
2024-12-04,4344.0478515625,4376.520760208883,4278.85311573444,4303.294869994538,3302642,TCS.NS
2024-12-05,4453.43701171875,4478.327890655097,4349.634574127026,4390.337381715646,3746747,TCS.NS
2024-12-06,4434.93115234375,4454.384792535113,4402.259013047999,4442.4133216481205,1842087,TCS.NS
2024-12-09,4441.5654296875,4458.7744198029895,4405.052344540118,4419.917311205773,2066639,TCS.NS
2024-12-10,4422.01171875,4483.116101037371,4401.610629507514,4415.627031739154,2087828,TCS.NS
2024-12-11,4416.92431640625,4438.073622972398,4396.522739659736,4421.313758363722,1635256,TCS.NS
2024-12-12,4444.35888671875,4474.337250258611,4415.47751831541,4419.517694897249,1914642,TCS.NS
2024-12-13,4463.263671875,4484.213746564931,4383.952674834549,4424.406563710448,1967048,TCS.NS
2024-12-16,4404.70361328125,4464.361251469477,4386.5466866393945,4448.39928945305,1646224,TCS.NS
2024-12-17,4318.20947265625,4422.411349246116,4307.734435238463,4399.5157154705,3225027,TCS.NS
2024-12-18,4337.513671875,4351.629934738984,4279.402153374645,4301.449711036634,1575404,TCS.NS
2024-12-19,4261.744140625,4353.625284965991,4251.867773722515,4271.82022690751,3015763,TCS.NS
2024-12-20,4160.38525390625,4371.582149112012,4142.627766815982,4318.708152329051,4116989,TCS.NS
2024-12-23,4148.4140625,4206.97470678817,4105.117336999115,4190.064808055705,2195338,TCS.NS
2024-12-24,4169.5634765625,4207.971945003141,4148.41368350807,4148.41368350807,1181886,TCS.NS
2024-12-26,4159.1884765625,4189.965231177923,4133.299975260031,4169.563654172128,1208464,TCS.NS
2024-12-27,4154.94873046875,4171.010552322772,4137.390474661629,4153.103031169175,858100,TCS.NS
2024-12-30,4148.91259765625,4189.316312212475,4102.224055683883,4141.131336367655,1527169,TCS.NS
2024-12-31,4085.065185546875,4130.107993333899,4022.4643656444655,4125.169566477492,1555429,TCS.NS
2025-01-01,4102.67333984375,4124.171912463796,4075.737285534502,4084.665959274456,763161,TCS.NS
2025-01-02,4165.82275390625,4173.055518072165,4087.2102844407514,4110.205291526971,1720835,TCS.NS
2025-01-03,4090.15283203125,4170.012814052736,4082.5710463485834,4170.012814052736,1791953,TCS.NS
2025-01-06,4085.2646484375,4139.784627457154,4056.732543944963,4095.739685997596,2085593,TCS.NS
2025-01-07,4018.72314453125,4130.506804912367,4002.0129660800494,4105.1672884462705,2669054,TCS.NS
2025-01-08,4098.6328125,4116.191068626907,4008.1984163780307,4025.3075474626567,2181277,TCS.NS
2025-01-09,4029.248291015625,4127.913072541291,4015.7304555516193,4091.250440575635,2392472,TCS.NS
2025-01-10,4255.5087890625,4286.784355311112,4160.086283836942,4190.014962137927,7894300,TCS.NS
2025-01-13,4280.8984375,4312.672814743107,4217.3496830137865,4234.907938202855,4003771,TCS.NS
2025-01-14,4222.986328125,4303.644216121458,4209.01961114277,4291.77260411065,3441709,TCS.NS
2025-01-15,4239.4970703125,4246.330882501332,4197.447375425011,4207.972098937158,1653474,TCS.NS
2025-01-16,4196.2998046875,4283.791502747344,4181.884450193402,4249.872333885348,2637705,TCS.NS
2025-01-17,4124.2998046875,4160.60009765625,4100.0498046875,4159.89990234375,1761466,TCS.NS
2025-01-20,4077.800048828125,4145.7998046875,4068.10009765625,4145.7998046875,1287799,TCS.NS
2025-01-21,4035.85009765625,4111.0,4030.0,4095.300048828125,1971591,TCS.NS
2025-01-22,4156.60009765625,4163.14990234375,4044.199951171875,4050.0,2409223,TCS.NS
2025-01-23,4145.4501953125,4191.35009765625,4140.0498046875,4168.0,1822998,TCS.NS
2025-01-24,4152.35009765625,4178.0,4104.0,4104.0,1910099,TCS.NS
2025-01-27,4065.14990234375,4156.35009765625,4041.050048828125,4102.0,1551782,TCS.NS
2025-01-28,4040.300048828125,4102.0,4028.300048828125,4070.800048828125,2468272,TCS.NS
2025-01-29,4099.7998046875,4107.85009765625,4054.0,4054.0,1217089,TCS.NS
2025-01-30,4100.0498046875,4129.89990234375,4058.5,4099.89990234375,1531251,TCS.NS
2025-01-31,4112.39990234375,4128.4501953125,4085.25,4110.0,1492943,TCS.NS
2025-02-01,4073.14990234375,4135.89990234375,4056.0,4113.0,437172,TCS.NS
2025-02-03,4068.64990234375,4077.0,3998.699951171875,4030.89990234375,1265713,TCS.NS
2025-02-04,4107.0498046875,4118.85009765625,4066.050048828125,4083.699951171875,2547132,TCS.NS
2025-02-05,4091.10009765625,4150.0,4076.0,4150.0,1693912,TCS.NS
2025-02-06,4082.75,4139.5,4051.550048828125,4105.39990234375,2284536,TCS.NS
2025-02-07,4029.39990234375,4090.0,4008.0,4090.0,1548940,TCS.NS
2025-02-10,4036.949951171875,4052.0,4014.35009765625,4040.0,1339511,TCS.NS
2025-02-11,3963.550048828125,4040.0,3955.0,4018.39990234375,1810908,TCS.NS
2025-02-12,3950.14990234375,4021.75,3940.14990234375,3971.10009765625,1678002,TCS.NS
2025-02-13,3910.14990234375,3984.449951171875,3902.25,3968.0,2277310,TCS.NS
2025-02-14,3934.85009765625,3948.0,3900.0,3925.0,1681975,TCS.NS
2025-02-17,3904.5,3934.0,3856.199951171875,3856.5,1799806,TCS.NS
2025-02-18,3873.199951171875,3924.39990234375,3864.5,3898.39990234375,2149879,TCS.NS
2025-02-19,3784.10009765625,3874.949951171875,3768.14990234375,3872.199951171875,4366672,TCS.NS
2025-02-20,3779.39990234375,3788.0,3751.300048828125,3761.5,2888572,TCS.NS
2025-02-21,3786.0,3817.0,3775.0,3776.10009765625,1833931,TCS.NS
2025-02-24,3675.60009765625,3763.199951171875,3670.0,3743.14990234375,2508516,TCS.NS
2025-02-25,3629.550048828125,3658.0,3621.25,3625.0,4101954,TCS.NS
2025-02-27,3612.550048828125,3638.0,3600.699951171875,3611.699951171875,3823856,TCS.NS
2025-02-28,3483.25,3600.0,3457.0,3584.949951171875,7085018,TCS.NS
2025-03-03,3493.050048828125,3523.25,3476.14990234375,3485.0,4990439,TCS.NS
2025-03-04,3532.050048828125,3551.0,3464.300048828125,3474.0,2797737,TCS.NS
2025-03-05,3547.050048828125,3600.35009765625,3520.85009765625,3520.85009765625,2501894,TCS.NS
2025-03-06,3601.60009765625,3609.449951171875,3536.10009765625,3557.0,2786513,TCS.NS
2025-03-07,3611.199951171875,3625.0,3574.39990234375,3600.0,2051315,TCS.NS
2025-03-10,3589.64990234375,3622.10009765625,3582.60009765625,3606.5,1004626,TCS.NS
2025-03-11,3575.300048828125,3588.75,3537.64990234375,3558.0,1995450,TCS.NS
2025-03-12,3506.199951171875,3569.25,3486.85009765625,3565.0,3174167,TCS.NS
2025-03-13,3511.050048828125,3524.300048828125,3484.10009765625,3502.300048828125,1693004,TCS.NS
2025-03-17,3497.699951171875,3530.449951171875,3477.35009765625,3489.0,2690906,TCS.NS
2025-03-18,3497.699951171875,3497.699951171875,3497.699951171875,3497.699951171875,0,TCS.NS
2025-03-19,3497.10009765625,3547.0,3462.75,3547.0,3051244,TCS.NS
2025-03-20,3563.14990234375,3578.949951171875,3512.0,3512.0,2845192,TCS.NS
2025-03-21,3578.10009765625,3616.25,3465.0,3475.0,4161925,TCS.NS
2025-03-24,3628.949951171875,3649.75,3566.60009765625,3600.0,1834751,TCS.NS
2025-03-25,3657.75,3710.0,3638.0,3645.0,3135390,TCS.NS
2025-03-26,3635.800048828125,3680.5,3625.85009765625,3647.75,1734499,TCS.NS
2025-03-27,3651.199951171875,3663.0,3610.5,3614.85009765625,2528474,TCS.NS
2025-03-28,3606.14990234375,3660.949951171875,3591.89990234375,3651.0,2051919,TCS.NS
2025-04-01,3550.800048828125,3584.0,3525.0,3572.699951171875,2618493,TCS.NS
2025-04-02,3543.949951171875,3564.10009765625,3530.050048828125,3544.0,1764313,TCS.NS
2025-04-03,3403.14990234375,3502.0,3396.14990234375,3491.0,4537821,TCS.NS
2025-04-04,3299.39990234375,3399.64990234375,3295.5,3362.60009765625,5317367,TCS.NS
2025-04-07,3274.050048828125,3291.39990234375,3056.050048828125,3100.0,6623955,TCS.NS
2025-04-08,3292.949951171875,3349.0,3255.300048828125,3302.050048828125,5557558,TCS.NS
2025-04-09,3246.60009765625,3270.0,3212.050048828125,3260.550048828125,2990265,TCS.NS
2025-04-11,3231.5,3298.949951171875,3206.0,3289.550048828125,7108961,TCS.NS
